protocol, source-ip, source-port, destination-ip, destination-port, expected-action
tcp, 192.0.2.1, -1, 10.3.242.95, 137, permit
udp, 192.0.2.1, -1, 10.3.242.94, 137, permit
udp, 192.0.2.1, -1, 10.3.242.95, 136, permit
udp, 192.0.2.1, -1, 10.3.242.95, 137, deny
udp, 192.0.2.1, -1, 10.3.242.95, 138, permit
udp, 192.0.2.1, -1, 10.3.242.96, 137, permit
protocol, source-ip, source-port, destination-ip, destination-port, expected-action
tcp, 192.0.2.1, -1, 10.3.242.95, 138, permit
udp, 192.0.2.1, -1, 10.3.242.94, 138, permit
udp, 192.0.2.1, -1, 10.3.242.95, 137, permit
udp, 192.0.2.1, -1, 10.3.242.95, 138, deny
udp, 192.0.2.1, -1, 10.3.242.95, 139, permit
udp, 192.0.2.1, -1, 10.3.242.96, 138, permit
protocol, source-ip, source-port, destination-ip, destination-port, expected-action
icmp, 192.0.2.1, -1, 192.0.2.1, -1, permit
protocol, source-ip, source-port, destination-ip, destination-port, expected-action
tcp, 192.0.2.1, -1, 192.0.2.1, -1, permit
udp, 192.0.2.1, -1, 192.0.2.1, -1, deny
protocol, source-ip, source-port, destination-ip, destination-port, expected-action
tcp, 192.0.2.1, 68, 255.255.255.255, 67, deny
udp, 192.0.2.1, 67, 255.255.255.255, 67, deny
udp, 192.0.2.1, 68, 255.255.255.254, 67, deny
udp, 192.0.2.1, 68, 255.255.255.255, 66, deny
udp, 192.0.2.1, 68, 255.255.255.255, 67, permit
udp, 192.0.2.1, 68, 255.255.255.255, 68, deny
udp, 192.0.2.1, 69, 255.255.255.255, 67, deny
protocol, source-ip, source-port, destination-ip, destination-port, expected-action
tcp, 192.0.2.1, 68, 10.3.240.41, 67, deny
tcp, 192.0.2.1, 68, 10.3.240.40, 67, deny
udp, 192.0.2.1, 67, 10.3.240.41, 67, deny
udp, 192.0.2.1, 67, 10.3.240.40, 67, deny
udp, 192.0.2.1, 68, 10.3.240.39, 67, deny
udp, 192.0.2.1, 68, 10.3.240.41, 66, deny
udp, 192.0.2.1, 68, 10.3.240.41, 67, permit
udp, 192.0.2.1, 68, 10.3.240.41, 68, deny
udp, 192.0.2.1, 68, 10.3.240.40, 66, deny
udp, 192.0.2.1, 68, 10.3.240.40, 67, permit
udp, 192.0.2.1, 68, 10.3.240.40, 68, deny
udp, 192.0.2.1, 68, 10.3.240.42, 67, deny
udp, 192.0.2.1, 69, 10.3.240.41, 67, deny
udp, 192.0.2.1, 69, 10.3.240.40, 67, deny
protocol, source-ip, source-port, destination-ip, destination-port, expected-action
tcp, 10.3.242.63, -1, 192.168.127.101, 8080, deny
tcp, 10.3.242.63, -1, 192.168.127.100, 8080, deny
tcp, 10.3.242.65, -1, 192.168.127.99, 8080, deny
tcp, 10.3.242.65, -1, 192.168.127.101, 8079, deny
tcp, 10.3.242.65, -1, 192.168.127.101, 8080, permit
tcp, 10.3.242.65, -1, 192.168.127.101, 8081, deny
tcp, 10.3.242.65, -1, 192.168.127.100, 8079, deny
tcp, 10.3.242.65, -1, 192.168.127.100, 8080, permit
tcp, 10.3.242.65, -1, 192.168.127.100, 8081, deny
tcp, 10.3.242.65, -1, 192.168.127.102, 8080, deny
tcp, 10.3.242.94, -1, 192.168.127.99, 8080, deny
tcp, 10.3.242.94, -1, 192.168.127.101, 8079, deny
tcp, 10.3.242.94, -1, 192.168.127.101, 8080, permit
tcp, 10.3.242.94, -1, 192.168.127.101, 8081, deny
tcp, 10.3.242.94, -1, 192.168.127.100, 8079, deny
tcp, 10.3.242.94, -1, 192.168.127.100, 8080, permit
tcp, 10.3.242.94, -1, 192.168.127.100, 8081, deny
tcp, 10.3.242.94, -1, 192.168.127.102, 8080, deny
tcp, 10.3.242.96, -1, 192.168.127.101, 8080, deny
tcp, 10.3.242.96, -1, 192.168.127.100, 8080, deny
udp, 10.3.242.65, -1, 192.168.127.101, 8080, deny
udp, 10.3.242.65, -1, 192.168.127.100, 8080, deny
udp, 10.3.242.94, -1, 192.168.127.101, 8080, deny
udp, 10.3.242.94, -1, 192.168.127.100, 8080, deny
protocol, source-ip, source-port, destination-ip, destination-port, expected-action
tcp, 10.3.242.63, -1, 192.168.127.101, 9000, deny
tcp, 10.3.242.63, -1, 192.168.127.100, 9000, deny
tcp, 10.3.242.65, -1, 192.168.127.99, 9000, deny
tcp, 10.3.242.65, -1, 192.168.127.101, 8999, deny
tcp, 10.3.242.65, -1, 192.168.127.101, 9000, permit
tcp, 10.3.242.65, -1, 192.168.127.101, 9001, deny
tcp, 10.3.242.65, -1, 192.168.127.100, 8999, deny
tcp, 10.3.242.65, -1, 192.168.127.100, 9000, permit
tcp, 10.3.242.65, -1, 192.168.127.100, 9001, deny
tcp, 10.3.242.65, -1, 192.168.127.102, 9000, deny
tcp, 10.3.242.94, -1, 192.168.127.99, 9000, deny
tcp, 10.3.242.94, -1, 192.168.127.101, 8999, deny
tcp, 10.3.242.94, -1, 192.168.127.101, 9000, permit
tcp, 10.3.242.94, -1, 192.168.127.101, 9001, deny
tcp, 10.3.242.94, -1, 192.168.127.100, 8999, deny
tcp, 10.3.242.94, -1, 192.168.127.100, 9000, permit
tcp, 10.3.242.94, -1, 192.168.127.100, 9001, deny
tcp, 10.3.242.94, -1, 192.168.127.102, 9000, deny
tcp, 10.3.242.96, -1, 192.168.127.101, 9000, deny
tcp, 10.3.242.96, -1, 192.168.127.100, 9000, deny
udp, 10.3.242.65, -1, 192.168.127.101, 9000, deny
udp, 10.3.242.65, -1, 192.168.127.100, 9000, deny
udp, 10.3.242.94, -1, 192.168.127.101, 9000, deny
udp, 10.3.242.94, -1, 192.168.127.100, 9000, deny
protocol, source-ip, source-port, destination-ip, destination-port, expected-action
tcp, 10.3.242.63, -1, 192.168.125.21, 80, deny
tcp, 10.3.242.65, -1, 192.168.125.20, 80, deny
tcp, 10.3.242.65, -1, 192.168.125.21, 79, deny
tcp, 10.3.242.65, -1, 192.168.125.21, 80, permit
tcp, 10.3.242.65, -1, 192.168.125.21, 81, deny
tcp, 10.3.242.65, -1, 192.168.125.22, 80, deny
tcp, 10.3.242.94, -1, 192.168.125.20, 80, deny
tcp, 10.3.242.94, -1, 192.168.125.21, 79, deny
tcp, 10.3.242.94, -1, 192.168.125.21, 80, permit
tcp, 10.3.242.94, -1, 192.168.125.21, 81, deny
tcp, 10.3.242.94, -1, 192.168.125.22, 80, deny
tcp, 10.3.242.96, -1, 192.168.125.21, 80, deny
udp, 10.3.242.65, -1, 192.168.125.21, 80, deny
udp, 10.3.242.94, -1, 192.168.125.21, 80, deny
protocol, source-ip, source-port, destination-ip, destination-port, expected-action
tcp, 10.3.242.63, -1, 10.3.240.99, 80, deny
tcp, 10.3.242.65, -1, 10.3.240.98, 80, deny
tcp, 10.3.242.65, -1, 10.3.240.99, 79, deny
tcp, 10.3.242.65, -1, 10.3.240.99, 80, permit
tcp, 10.3.242.65, -1, 10.3.240.99, 81, deny
tcp, 10.3.242.65, -1, 10.3.240.100, 80, deny
tcp, 10.3.242.94, -1, 10.3.240.98, 80, deny
tcp, 10.3.242.94, -1, 10.3.240.99, 79, deny
tcp, 10.3.242.94, -1, 10.3.240.99, 80, permit
tcp, 10.3.242.94, -1, 10.3.240.99, 81, deny
tcp, 10.3.242.94, -1, 10.3.240.100, 80, deny
tcp, 10.3.242.96, -1, 10.3.240.99, 80, deny
udp, 10.3.242.65, -1, 10.3.240.99, 80, deny
udp, 10.3.242.94, -1, 10.3.240.99, 80, deny
protocol, source-ip, source-port, destination-ip, destination-port, expected-action
tcp, 10.3.242.63, -1, 10.3.240.101, 9000, deny
tcp, 10.3.242.65, -1, 10.3.240.100, 9000, deny
tcp, 10.3.242.65, -1, 10.3.240.101, 8999, deny
tcp, 10.3.242.65, -1, 10.3.240.101, 9000, permit
tcp, 10.3.242.65, -1, 10.3.240.101, 9001, deny
tcp, 10.3.242.65, -1, 10.3.240.102, 9000, deny
tcp, 10.3.242.94, -1, 10.3.240.100, 9000, deny
tcp, 10.3.242.94, -1, 10.3.240.101, 8999, deny
tcp, 10.3.242.94, -1, 10.3.240.101, 9000, permit
tcp, 10.3.242.94, -1, 10.3.240.101, 9001, deny
tcp, 10.3.242.94, -1, 10.3.240.102, 9000, deny
tcp, 10.3.242.96, -1, 10.3.240.101, 9000, deny
udp, 10.3.242.65, -1, 10.3.240.101, 9000, deny
udp, 10.3.242.94, -1, 10.3.240.101, 9000, deny
protocol, source-ip, source-port, destination-ip, destination-port, expected-action
tcp, 10.3.242.63, -1, 10.3.240.102, 9000, deny
tcp, 10.3.242.65, -1, 10.3.240.101, 9000, deny
tcp, 10.3.242.65, -1, 10.3.240.102, 8999, deny
tcp, 10.3.242.65, -1, 10.3.240.102, 9000, permit
tcp, 10.3.242.65, -1, 10.3.240.102, 9001, deny
tcp, 10.3.242.65, -1, 10.3.240.103, 9000, deny
tcp, 10.3.242.94, -1, 10.3.240.101, 9000, deny
tcp, 10.3.242.94, -1, 10.3.240.102, 8999, deny
tcp, 10.3.242.94, -1, 10.3.240.102, 9000, permit
tcp, 10.3.242.94, -1, 10.3.240.102, 9001, deny
tcp, 10.3.242.94, -1, 10.3.240.103, 9000, deny
tcp, 10.3.242.96, -1, 10.3.240.102, 9000, deny
udp, 10.3.242.65, -1, 10.3.240.102, 9000, deny
udp, 10.3.242.94, -1, 10.3.240.102, 9000, deny
protocol, source-ip, source-port, destination-ip, destination-port, expected-action
tcp, 10.3.242.63, -1, 10.3.240.51, 80, deny
tcp, 10.3.242.63, -1, 10.3.240.50, 80, deny
tcp, 10.3.242.65, -1, 10.3.240.49, 80, deny
tcp, 10.3.242.65, -1, 10.3.240.51, 79, deny
tcp, 10.3.242.65, -1, 10.3.240.51, 80, permit
tcp, 10.3.242.65, -1, 10.3.240.51, 81, deny
tcp, 10.3.242.65, -1, 10.3.240.50, 79, deny
tcp, 10.3.242.65, -1, 10.3.240.50, 80, permit
tcp, 10.3.242.65, -1, 10.3.240.50, 81, deny
tcp, 10.3.242.65, -1, 10.3.240.52, 80, deny
tcp, 10.3.242.94, -1, 10.3.240.49, 80, deny
tcp, 10.3.242.94, -1, 10.3.240.51, 79, deny
tcp, 10.3.242.94, -1, 10.3.240.51, 80, permit
tcp, 10.3.242.94, -1, 10.3.240.51, 81, deny
tcp, 10.3.242.94, -1, 10.3.240.50, 79, deny
tcp, 10.3.242.94, -1, 10.3.240.50, 80, permit
tcp, 10.3.242.94, -1, 10.3.240.50, 81, deny
tcp, 10.3.242.94, -1, 10.3.240.52, 80, deny
tcp, 10.3.242.96, -1, 10.3.240.51, 80, deny
tcp, 10.3.242.96, -1, 10.3.240.50, 80, deny
udp, 10.3.242.65, -1, 10.3.240.51, 80, deny
udp, 10.3.242.65, -1, 10.3.240.50, 80, deny
udp, 10.3.242.94, -1, 10.3.240.51, 80, deny
udp, 10.3.242.94, -1, 10.3.240.50, 80, deny
protocol, source-ip, source-port, destination-ip, destination-port, expected-action
tcp, 10.3.242.63, -1, 10.3.240.194, 25, deny
tcp, 10.3.242.65, -1, 10.3.240.193, 25, deny
tcp, 10.3.242.65, -1, 10.3.240.194, 24, deny
tcp, 10.3.242.65, -1, 10.3.240.194, 25, permit
tcp, 10.3.242.65, -1, 10.3.240.194, 26, deny
tcp, 10.3.242.65, -1, 10.3.240.195, 25, deny
tcp, 10.3.242.94, -1, 10.3.240.193, 25, deny
tcp, 10.3.242.94, -1, 10.3.240.194, 24, deny
tcp, 10.3.242.94, -1, 10.3.240.194, 25, permit
tcp, 10.3.242.94, -1, 10.3.240.194, 26, deny
tcp, 10.3.242.94, -1, 10.3.240.195, 25, deny
tcp, 10.3.242.96, -1, 10.3.240.194, 25, deny
udp, 10.3.242.65, -1, 10.3.240.194, 25, deny
udp, 10.3.242.94, -1, 10.3.240.194, 25, deny
protocol, source-ip, source-port, destination-ip, destination-port, expected-action
tcp, 10.3.242.63, -1, 10.3.240.194, 993, deny
tcp, 10.3.242.65, -1, 10.3.240.193, 993, deny
tcp, 10.3.242.65, -1, 10.3.240.194, 992, deny
tcp, 10.3.242.65, -1, 10.3.240.194, 993, permit
tcp, 10.3.242.65, -1, 10.3.240.194, 994, deny
tcp, 10.3.242.65, -1, 10.3.240.195, 993, deny
tcp, 10.3.242.94, -1, 10.3.240.193, 993, deny
tcp, 10.3.242.94, -1, 10.3.240.194, 992, deny
tcp, 10.3.242.94, -1, 10.3.240.194, 993, permit
tcp, 10.3.242.94, -1, 10.3.240.194, 994, deny
tcp, 10.3.242.94, -1, 10.3.240.195, 993, deny
tcp, 10.3.242.96, -1, 10.3.240.194, 993, deny
udp, 10.3.242.65, -1, 10.3.240.194, 993, deny
udp, 10.3.242.94, -1, 10.3.240.194, 993, deny
protocol, source-ip, source-port, destination-ip, destination-port, expected-action
tcp, 10.3.242.63, -1, 10.3.240.100, 993, deny
tcp, 10.3.242.65, -1, 10.3.240.99, 993, deny
tcp, 10.3.242.65, -1, 10.3.240.100, 992, deny
tcp, 10.3.242.65, -1, 10.3.240.100, 993, permit
tcp, 10.3.242.65, -1, 10.3.240.100, 994, deny
tcp, 10.3.242.65, -1, 10.3.240.101, 993, deny
tcp, 10.3.242.94, -1, 10.3.240.99, 993, deny
tcp, 10.3.242.94, -1, 10.3.240.100, 992, deny
tcp, 10.3.242.94, -1, 10.3.240.100, 993, permit
tcp, 10.3.242.94, -1, 10.3.240.100, 994, deny
tcp, 10.3.242.94, -1, 10.3.240.101, 993, deny
tcp, 10.3.242.96, -1, 10.3.240.100, 993, deny
udp, 10.3.242.65, -1, 10.3.240.100, 993, deny
udp, 10.3.242.94, -1, 10.3.240.100, 993, deny
protocol, source-ip, source-port, destination-ip, destination-port, expected-action
tcp, 10.3.242.63, -1, 192.168.127.111, 25, deny
tcp, 10.3.242.63, -1, 192.168.127.110, 25, deny
tcp, 10.3.242.65, -1, 192.168.127.109, 25, deny
tcp, 10.3.242.65, -1, 192.168.127.111, 24, deny
tcp, 10.3.242.65, -1, 192.168.127.111, 25, permit
tcp, 10.3.242.65, -1, 192.168.127.111, 26, deny
tcp, 10.3.242.65, -1, 192.168.127.110, 24, deny
tcp, 10.3.242.65, -1, 192.168.127.110, 25, permit
tcp, 10.3.242.65, -1, 192.168.127.110, 26, deny
tcp, 10.3.242.65, -1, 192.168.127.112, 25, deny
tcp, 10.3.242.94, -1, 192.168.127.109, 25, deny
tcp, 10.3.242.94, -1, 192.168.127.111, 24, deny
tcp, 10.3.242.94, -1, 192.168.127.111, 25, permit
tcp, 10.3.242.94, -1, 192.168.127.111, 26, deny
tcp, 10.3.242.94, -1, 192.168.127.110, 24, deny
tcp, 10.3.242.94, -1, 192.168.127.110, 25, permit
tcp, 10.3.242.94, -1, 192.168.127.110, 26, deny
tcp, 10.3.242.94, -1, 192.168.127.112, 25, deny
tcp, 10.3.242.96, -1, 192.168.127.111, 25, deny
tcp, 10.3.242.96, -1, 192.168.127.110, 25, deny
udp, 10.3.242.65, -1, 192.168.127.111, 25, deny
udp, 10.3.242.65, -1, 192.168.127.110, 25, deny
udp, 10.3.242.94, -1, 192.168.127.111, 25, deny
udp, 10.3.242.94, -1, 192.168.127.110, 25, deny
protocol, source-ip, source-port, destination-ip, destination-port, expected-action
tcp, 10.3.242.63, -1, 10.3.241.13, 25, deny
tcp, 10.3.242.63, -1, 10.3.241.12, 25, deny
tcp, 10.3.242.65, -1, 10.3.241.11, 25, deny
tcp, 10.3.242.65, -1, 10.3.241.13, 24, deny
tcp, 10.3.242.65, -1, 10.3.241.13, 25, permit
tcp, 10.3.242.65, -1, 10.3.241.13, 26, deny
tcp, 10.3.242.65, -1, 10.3.241.12, 24, deny
tcp, 10.3.242.65, -1, 10.3.241.12, 25, permit
tcp, 10.3.242.65, -1, 10.3.241.12, 26, deny
tcp, 10.3.242.65, -1, 10.3.241.14, 25, deny
tcp, 10.3.242.94, -1, 10.3.241.11, 25, deny
tcp, 10.3.242.94, -1, 10.3.241.13, 24, deny
tcp, 10.3.242.94, -1, 10.3.241.13, 25, permit
tcp, 10.3.242.94, -1, 10.3.241.13, 26, deny
tcp, 10.3.242.94, -1, 10.3.241.12, 24, deny
tcp, 10.3.242.94, -1, 10.3.241.12, 25, permit
tcp, 10.3.242.94, -1, 10.3.241.12, 26, deny
tcp, 10.3.242.94, -1, 10.3.241.14, 25, deny
tcp, 10.3.242.96, -1, 10.3.241.13, 25, deny
tcp, 10.3.242.96, -1, 10.3.241.12, 25, deny
udp, 10.3.242.65, -1, 10.3.241.13, 25, deny
udp, 10.3.242.65, -1, 10.3.241.12, 25, deny
udp, 10.3.242.94, -1, 10.3.241.13, 25, deny
udp, 10.3.242.94, -1, 10.3.241.12, 25, deny
protocol, source-ip, source-port, destination-ip, destination-port, expected-action
tcp, 10.3.242.63, -1, 10.3.241.18, 80, deny
tcp, 10.3.242.65, -1, 10.3.241.17, 80, deny
tcp, 10.3.242.65, -1, 10.3.241.18, 79, deny
tcp, 10.3.242.65, -1, 10.3.241.18, 80, permit
tcp, 10.3.242.65, -1, 10.3.241.18, 81, deny
tcp, 10.3.242.65, -1, 10.3.241.19, 80, deny
tcp, 10.3.242.94, -1, 10.3.241.17, 80, deny
tcp, 10.3.242.94, -1, 10.3.241.18, 79, deny
tcp, 10.3.242.94, -1, 10.3.241.18, 80, permit
tcp, 10.3.242.94, -1, 10.3.241.18, 81, deny
tcp, 10.3.242.94, -1, 10.3.241.19, 80, deny
tcp, 10.3.242.96, -1, 10.3.241.18, 80, deny
udp, 10.3.242.65, -1, 10.3.241.18, 80, deny
udp, 10.3.242.94, -1, 10.3.241.18, 80, deny
protocol, source-ip, source-port, destination-ip, destination-port, expected-action
tcp, 10.3.242.63, -1, 10.3.241.18, 139, deny
tcp, 10.3.242.65, -1, 10.3.241.17, 139, deny
tcp, 10.3.242.65, -1, 10.3.241.18, 138, deny
tcp, 10.3.242.65, -1, 10.3.241.18, 139, permit
tcp, 10.3.242.65, -1, 10.3.241.18, 140, deny
tcp, 10.3.242.65, -1, 10.3.241.19, 139, deny
tcp, 10.3.242.94, -1, 10.3.241.17, 139, deny
tcp, 10.3.242.94, -1, 10.3.241.18, 138, deny
tcp, 10.3.242.94, -1, 10.3.241.18, 139, permit
tcp, 10.3.242.94, -1, 10.3.241.18, 140, deny
tcp, 10.3.242.94, -1, 10.3.241.19, 139, deny
tcp, 10.3.242.96, -1, 10.3.241.18, 139, deny
udp, 10.3.242.65, -1, 10.3.241.18, 139, deny
udp, 10.3.242.94, -1, 10.3.241.18, 139, deny
protocol, source-ip, source-port, destination-ip, destination-port, expected-action
tcp, 10.3.242.63, -1, 10.3.241.18, 445, deny
tcp, 10.3.242.65, -1, 10.3.241.17, 445, deny
tcp, 10.3.242.65, -1, 10.3.241.18, 444, deny
tcp, 10.3.242.65, -1, 10.3.241.18, 445, permit
tcp, 10.3.242.65, -1, 10.3.241.18, 446, deny
tcp, 10.3.242.65, -1, 10.3.241.19, 445, deny
tcp, 10.3.242.94, -1, 10.3.241.17, 445, deny
tcp, 10.3.242.94, -1, 10.3.241.18, 444, deny
tcp, 10.3.242.94, -1, 10.3.241.18, 445, permit
tcp, 10.3.242.94, -1, 10.3.241.18, 446, deny
tcp, 10.3.242.94, -1, 10.3.241.19, 445, deny
tcp, 10.3.242.96, -1, 10.3.241.18, 445, deny
udp, 10.3.242.65, -1, 10.3.241.18, 445, deny
udp, 10.3.242.94, -1, 10.3.241.18, 445, deny
protocol, source-ip, source-port, destination-ip, destination-port, expected-action
tcp, 10.3.242.65, -1, 10.3.241.18, 445, deny
tcp, 10.3.242.94, -1, 10.3.241.18, 445, deny
udp, 10.3.242.63, -1, 10.3.241.18, 445, deny
udp, 10.3.242.65, -1, 10.3.241.17, 445, deny
udp, 10.3.242.65, -1, 10.3.241.18, 444, deny
udp, 10.3.242.65, -1, 10.3.241.18, 445, permit
udp, 10.3.242.65, -1, 10.3.241.18, 446, deny
udp, 10.3.242.65, -1, 10.3.241.19, 445, deny
udp, 10.3.242.94, -1, 10.3.241.17, 445, deny
udp, 10.3.242.94, -1, 10.3.241.18, 444, deny
udp, 10.3.242.94, -1, 10.3.241.18, 445, permit
udp, 10.3.242.94, -1, 10.3.241.18, 446, deny
udp, 10.3.242.94, -1, 10.3.241.19, 445, deny
udp, 10.3.242.96, -1, 10.3.241.18, 445, deny
protocol, source-ip, source-port, destination-ip, destination-port, expected-action
tcp, 10.3.242.65, -1, 10.3.241.18, 137, deny
tcp, 10.3.242.94, -1, 10.3.241.18, 137, deny
udp, 10.3.242.63, -1, 10.3.241.18, 137, deny
udp, 10.3.242.65, -1, 10.3.241.17, 137, deny
udp, 10.3.242.65, -1, 10.3.241.18, 136, deny
udp, 10.3.242.65, -1, 10.3.241.18, 137, permit
udp, 10.3.242.65, -1, 10.3.241.18, 138, deny
udp, 10.3.242.65, -1, 10.3.241.19, 137, deny
udp, 10.3.242.94, -1, 10.3.241.17, 137, deny
udp, 10.3.242.94, -1, 10.3.241.18, 136, deny
udp, 10.3.242.94, -1, 10.3.241.18, 137, permit
udp, 10.3.242.94, -1, 10.3.241.18, 138, deny
udp, 10.3.242.94, -1, 10.3.241.19, 137, deny
udp, 10.3.242.96, -1, 10.3.241.18, 137, deny
protocol, source-ip, source-port, destination-ip, destination-port, expected-action
tcp, 10.3.242.65, -1, 10.3.241.18, 138, deny
tcp, 10.3.242.94, -1, 10.3.241.18, 138, deny
udp, 10.3.242.63, -1, 10.3.241.18, 138, deny
udp, 10.3.242.65, -1, 10.3.241.17, 138, deny
udp, 10.3.242.65, -1, 10.3.241.18, 137, deny
udp, 10.3.242.65, -1, 10.3.241.18, 138, permit
udp, 10.3.242.65, -1, 10.3.241.18, 139, deny
udp, 10.3.242.65, -1, 10.3.241.19, 138, deny
udp, 10.3.242.94, -1, 10.3.241.17, 138, deny
udp, 10.3.242.94, -1, 10.3.241.18, 137, deny
udp, 10.3.242.94, -1, 10.3.241.18, 138, permit
udp, 10.3.242.94, -1, 10.3.241.18, 139, deny
udp, 10.3.242.94, -1, 10.3.241.19, 138, deny
udp, 10.3.242.96, -1, 10.3.241.18, 138, deny
protocol, source-ip, source-port, destination-ip, destination-port, expected-action
tcp, 10.3.242.63, -1, 10.3.240.39, 80, deny
tcp, 10.3.242.63, -1, 10.3.240.38, 80, deny
tcp, 10.3.242.65, -1, 10.3.240.37, 80, deny
tcp, 10.3.242.65, -1, 10.3.240.39, 79, deny
tcp, 10.3.242.65, -1, 10.3.240.39, 80, permit
tcp, 10.3.242.65, -1, 10.3.240.39, 81, deny
tcp, 10.3.242.65, -1, 10.3.240.38, 79, deny
tcp, 10.3.242.65, -1, 10.3.240.38, 80, permit
tcp, 10.3.242.65, -1, 10.3.240.38, 81, deny
tcp, 10.3.242.65, -1, 10.3.240.40, 80, deny
tcp, 10.3.242.94, -1, 10.3.240.37, 80, deny
tcp, 10.3.242.94, -1, 10.3.240.39, 79, deny
tcp, 10.3.242.94, -1, 10.3.240.39, 80, permit
tcp, 10.3.242.94, -1, 10.3.240.39, 81, deny
tcp, 10.3.242.94, -1, 10.3.240.38, 79, deny
tcp, 10.3.242.94, -1, 10.3.240.38, 80, permit
tcp, 10.3.242.94, -1, 10.3.240.38, 81, deny
tcp, 10.3.242.94, -1, 10.3.240.40, 80, deny
tcp, 10.3.242.96, -1, 10.3.240.39, 80, deny
tcp, 10.3.242.96, -1, 10.3.240.38, 80, deny
udp, 10.3.242.65, -1, 10.3.240.39, 80, deny
udp, 10.3.242.65, -1, 10.3.240.38, 80, deny
udp, 10.3.242.94, -1, 10.3.240.39, 80, deny
udp, 10.3.242.94, -1, 10.3.240.38, 80, deny
protocol, source-ip, source-port, destination-ip, destination-port, expected-action
tcp, 10.3.242.63, -1, 10.3.240.39, 88, deny
tcp, 10.3.242.63, -1, 10.3.240.38, 88, deny
tcp, 10.3.242.65, -1, 10.3.240.37, 88, deny
tcp, 10.3.242.65, -1, 10.3.240.39, 87, deny
tcp, 10.3.242.65, -1, 10.3.240.39, 88, permit
tcp, 10.3.242.65, -1, 10.3.240.39, 89, deny
tcp, 10.3.242.65, -1, 10.3.240.38, 87, deny
tcp, 10.3.242.65, -1, 10.3.240.38, 88, permit
tcp, 10.3.242.65, -1, 10.3.240.38, 89, deny
tcp, 10.3.242.65, -1, 10.3.240.40, 88, deny
tcp, 10.3.242.94, -1, 10.3.240.37, 88, deny
tcp, 10.3.242.94, -1, 10.3.240.39, 87, deny
tcp, 10.3.242.94, -1, 10.3.240.39, 88, permit
tcp, 10.3.242.94, -1, 10.3.240.39, 89, deny
tcp, 10.3.242.94, -1, 10.3.240.38, 87, deny
tcp, 10.3.242.94, -1, 10.3.240.38, 88, permit
tcp, 10.3.242.94, -1, 10.3.240.38, 89, deny
tcp, 10.3.242.94, -1, 10.3.240.40, 88, deny
tcp, 10.3.242.96, -1, 10.3.240.39, 88, deny
tcp, 10.3.242.96, -1, 10.3.240.38, 88, deny
udp, 10.3.242.65, -1, 10.3.240.39, 88, deny
udp, 10.3.242.65, -1, 10.3.240.38, 88, deny
udp, 10.3.242.94, -1, 10.3.240.39, 88, deny
udp, 10.3.242.94, -1, 10.3.240.38, 88, deny
protocol, source-ip, source-port, destination-ip, destination-port, expected-action
tcp, 10.3.242.65, -1, 10.3.240.39, 88, deny
tcp, 10.3.242.65, -1, 10.3.240.38, 88, deny
tcp, 10.3.242.94, -1, 10.3.240.39, 88, deny
tcp, 10.3.242.94, -1, 10.3.240.38, 88, deny
udp, 10.3.242.63, -1, 10.3.240.39, 88, deny
udp, 10.3.242.63, -1, 10.3.240.38, 88, deny
udp, 10.3.242.65, -1, 10.3.240.37, 88, deny
udp, 10.3.242.65, -1, 10.3.240.39, 87, deny
udp, 10.3.242.65, -1, 10.3.240.39, 88, permit
udp, 10.3.242.65, -1, 10.3.240.39, 89, deny
udp, 10.3.242.65, -1, 10.3.240.38, 87, deny
udp, 10.3.242.65, -1, 10.3.240.38, 88, permit
udp, 10.3.242.65, -1, 10.3.240.38, 89, deny
udp, 10.3.242.65, -1, 10.3.240.40, 88, deny
udp, 10.3.242.94, -1, 10.3.240.37, 88, deny
udp, 10.3.242.94, -1, 10.3.240.39, 87, deny
udp, 10.3.242.94, -1, 10.3.240.39, 88, permit
udp, 10.3.242.94, -1, 10.3.240.39, 89, deny
udp, 10.3.242.94, -1, 10.3.240.38, 87, deny
udp, 10.3.242.94, -1, 10.3.240.38, 88, permit
udp, 10.3.242.94, -1, 10.3.240.38, 89, deny
udp, 10.3.242.94, -1, 10.3.240.40, 88, deny
udp, 10.3.242.96, -1, 10.3.240.39, 88, deny
udp, 10.3.242.96, -1, 10.3.240.38, 88, deny
protocol, source-ip, source-port, destination-ip, destination-port, expected-action
tcp, 10.3.242.63, -1, 10.3.240.39, 135, deny
tcp, 10.3.242.63, -1, 10.3.240.38, 135, deny
tcp, 10.3.242.65, -1, 10.3.240.37, 135, deny
tcp, 10.3.242.65, -1, 10.3.240.39, 134, deny
tcp, 10.3.242.65, -1, 10.3.240.39, 135, permit
tcp, 10.3.242.65, -1, 10.3.240.39, 136, deny
tcp, 10.3.242.65, -1, 10.3.240.38, 134, deny
tcp, 10.3.242.65, -1, 10.3.240.38, 135, permit
tcp, 10.3.242.65, -1, 10.3.240.38, 136, deny
tcp, 10.3.242.65, -1, 10.3.240.40, 135, deny
tcp, 10.3.242.94, -1, 10.3.240.37, 135, deny
tcp, 10.3.242.94, -1, 10.3.240.39, 134, deny
tcp, 10.3.242.94, -1, 10.3.240.39, 135, permit
tcp, 10.3.242.94, -1, 10.3.240.39, 136, deny
tcp, 10.3.242.94, -1, 10.3.240.38, 134, deny
tcp, 10.3.242.94, -1, 10.3.240.38, 135, permit
tcp, 10.3.242.94, -1, 10.3.240.38, 136, deny
tcp, 10.3.242.94, -1, 10.3.240.40, 135, deny
tcp, 10.3.242.96, -1, 10.3.240.39, 135, deny
tcp, 10.3.242.96, -1, 10.3.240.38, 135, deny
udp, 10.3.242.65, -1, 10.3.240.39, 135, deny
udp, 10.3.242.65, -1, 10.3.240.38, 135, deny
udp, 10.3.242.94, -1, 10.3.240.39, 135, deny
udp, 10.3.242.94, -1, 10.3.240.38, 135, deny
protocol, source-ip, source-port, destination-ip, destination-port, expected-action
tcp, 10.3.242.65, -1, 10.3.240.39, 135, deny
tcp, 10.3.242.65, -1, 10.3.240.38, 135, deny
tcp, 10.3.242.94, -1, 10.3.240.39, 135, deny
tcp, 10.3.242.94, -1, 10.3.240.38, 135, deny
udp, 10.3.242.63, -1, 10.3.240.39, 135, deny
udp, 10.3.242.63, -1, 10.3.240.38, 135, deny
udp, 10.3.242.65, -1, 10.3.240.37, 135, deny
udp, 10.3.242.65, -1, 10.3.240.39, 134, deny
udp, 10.3.242.65, -1, 10.3.240.39, 135, permit
udp, 10.3.242.65, -1, 10.3.240.39, 136, deny
udp, 10.3.242.65, -1, 10.3.240.38, 134, deny
udp, 10.3.242.65, -1, 10.3.240.38, 135, permit
udp, 10.3.242.65, -1, 10.3.240.38, 136, deny
udp, 10.3.242.65, -1, 10.3.240.40, 135, deny
udp, 10.3.242.94, -1, 10.3.240.37, 135, deny
udp, 10.3.242.94, -1, 10.3.240.39, 134, deny
udp, 10.3.242.94, -1, 10.3.240.39, 135, permit
udp, 10.3.242.94, -1, 10.3.240.39, 136, deny
udp, 10.3.242.94, -1, 10.3.240.38, 134, deny
udp, 10.3.242.94, -1, 10.3.240.38, 135, permit
udp, 10.3.242.94, -1, 10.3.240.38, 136, deny
udp, 10.3.242.94, -1, 10.3.240.40, 135, deny
udp, 10.3.242.96, -1, 10.3.240.39, 135, deny
udp, 10.3.242.96, -1, 10.3.240.38, 135, deny
protocol, source-ip, source-port, destination-ip, destination-port, expected-action
tcp, 10.3.242.63, -1, 10.3.240.39, 137, deny
tcp, 10.3.242.63, -1, 10.3.240.38, 137, deny
tcp, 10.3.242.65, -1, 10.3.240.37, 137, deny
tcp, 10.3.242.65, -1, 10.3.240.39, 136, deny
tcp, 10.3.242.65, -1, 10.3.240.39, 137, permit
tcp, 10.3.242.65, -1, 10.3.240.39, 138, deny
tcp, 10.3.242.65, -1, 10.3.240.38, 136, deny
tcp, 10.3.242.65, -1, 10.3.240.38, 137, permit
tcp, 10.3.242.65, -1, 10.3.240.38, 138, deny
tcp, 10.3.242.65, -1, 10.3.240.40, 137, deny
tcp, 10.3.242.94, -1, 10.3.240.37, 137, deny
tcp, 10.3.242.94, -1, 10.3.240.39, 136, deny
tcp, 10.3.242.94, -1, 10.3.240.39, 137, permit
tcp, 10.3.242.94, -1, 10.3.240.39, 138, deny
tcp, 10.3.242.94, -1, 10.3.240.38, 136, deny
tcp, 10.3.242.94, -1, 10.3.240.38, 137, permit
tcp, 10.3.242.94, -1, 10.3.240.38, 138, deny
tcp, 10.3.242.94, -1, 10.3.240.40, 137, deny
tcp, 10.3.242.96, -1, 10.3.240.39, 137, deny
tcp, 10.3.242.96, -1, 10.3.240.38, 137, deny
udp, 10.3.242.65, -1, 10.3.240.39, 137, deny
udp, 10.3.242.65, -1, 10.3.240.38, 137, deny
udp, 10.3.242.94, -1, 10.3.240.39, 137, deny
udp, 10.3.242.94, -1, 10.3.240.38, 137, deny
protocol, source-ip, source-port, destination-ip, destination-port, expected-action
tcp, 10.3.242.65, -1, 10.3.240.39, 137, deny
tcp, 10.3.242.65, -1, 10.3.240.38, 137, deny
tcp, 10.3.242.94, -1, 10.3.240.39, 137, deny
tcp, 10.3.242.94, -1, 10.3.240.38, 137, deny
udp, 10.3.242.63, -1, 10.3.240.39, 137, deny
udp, 10.3.242.63, -1, 10.3.240.38, 137, deny
udp, 10.3.242.65, -1, 10.3.240.37, 137, deny
udp, 10.3.242.65, -1, 10.3.240.39, 136, deny
udp, 10.3.242.65, -1, 10.3.240.39, 137, permit
udp, 10.3.242.65, -1, 10.3.240.39, 138, deny
udp, 10.3.242.65, -1, 10.3.240.38, 136, deny
udp, 10.3.242.65, -1, 10.3.240.38, 137, permit
udp, 10.3.242.65, -1, 10.3.240.38, 138, deny
udp, 10.3.242.65, -1, 10.3.240.40, 137, deny
udp, 10.3.242.94, -1, 10.3.240.37, 137, deny
udp, 10.3.242.94, -1, 10.3.240.39, 136, deny
udp, 10.3.242.94, -1, 10.3.240.39, 137, permit
udp, 10.3.242.94, -1, 10.3.240.39, 138, deny
udp, 10.3.242.94, -1, 10.3.240.38, 136, deny
udp, 10.3.242.94, -1, 10.3.240.38, 137, permit
udp, 10.3.242.94, -1, 10.3.240.38, 138, deny
udp, 10.3.242.94, -1, 10.3.240.40, 137, deny
udp, 10.3.242.96, -1, 10.3.240.39, 137, deny
udp, 10.3.242.96, -1, 10.3.240.38, 137, deny
protocol, source-ip, source-port, destination-ip, destination-port, expected-action
tcp, 10.3.242.65, -1, 10.3.240.39, 138, deny
tcp, 10.3.242.65, -1, 10.3.240.38, 138, deny
tcp, 10.3.242.94, -1, 10.3.240.39, 138, deny
tcp, 10.3.242.94, -1, 10.3.240.38, 138, deny
udp, 10.3.242.63, -1, 10.3.240.39, 138, deny
udp, 10.3.242.63, -1, 10.3.240.38, 138, deny
udp, 10.3.242.65, -1, 10.3.240.37, 138, deny
udp, 10.3.242.65, -1, 10.3.240.39, 137, deny
udp, 10.3.242.65, -1, 10.3.240.39, 138, permit
udp, 10.3.242.65, -1, 10.3.240.39, 139, deny
udp, 10.3.242.65, -1, 10.3.240.38, 137, deny
udp, 10.3.242.65, -1, 10.3.240.38, 138, permit
udp, 10.3.242.65, -1, 10.3.240.38, 139, deny
udp, 10.3.242.65, -1, 10.3.240.40, 138, deny
udp, 10.3.242.94, -1, 10.3.240.37, 138, deny
udp, 10.3.242.94, -1, 10.3.240.39, 137, deny
udp, 10.3.242.94, -1, 10.3.240.39, 138, permit
udp, 10.3.242.94, -1, 10.3.240.39, 139, deny
udp, 10.3.242.94, -1, 10.3.240.38, 137, deny
udp, 10.3.242.94, -1, 10.3.240.38, 138, permit
udp, 10.3.242.94, -1, 10.3.240.38, 139, deny
udp, 10.3.242.94, -1, 10.3.240.40, 138, deny
udp, 10.3.242.96, -1, 10.3.240.39, 138, deny
udp, 10.3.242.96, -1, 10.3.240.38, 138, deny
protocol, source-ip, source-port, destination-ip, destination-port, expected-action
tcp, 10.3.242.63, -1, 10.3.240.39, 139, deny
tcp, 10.3.242.63, -1, 10.3.240.38, 139, deny
tcp, 10.3.242.65, -1, 10.3.240.37, 139, deny
tcp, 10.3.242.65, -1, 10.3.240.39, 138, deny
tcp, 10.3.242.65, -1, 10.3.240.39, 139, permit
tcp, 10.3.242.65, -1, 10.3.240.39, 140, deny
tcp, 10.3.242.65, -1, 10.3.240.38, 138, deny
tcp, 10.3.242.65, -1, 10.3.240.38, 139, permit
tcp, 10.3.242.65, -1, 10.3.240.38, 140, deny
tcp, 10.3.242.65, -1, 10.3.240.40, 139, deny
tcp, 10.3.242.94, -1, 10.3.240.37, 139, deny
tcp, 10.3.242.94, -1, 10.3.240.39, 138, deny
tcp, 10.3.242.94, -1, 10.3.240.39, 139, permit
tcp, 10.3.242.94, -1, 10.3.240.39, 140, deny
tcp, 10.3.242.94, -1, 10.3.240.38, 138, deny
tcp, 10.3.242.94, -1, 10.3.240.38, 139, permit
tcp, 10.3.242.94, -1, 10.3.240.38, 140, deny
tcp, 10.3.242.94, -1, 10.3.240.40, 139, deny
tcp, 10.3.242.96, -1, 10.3.240.39, 139, deny
tcp, 10.3.242.96, -1, 10.3.240.38, 139, deny
udp, 10.3.242.65, -1, 10.3.240.39, 139, deny
udp, 10.3.242.65, -1, 10.3.240.38, 139, deny
udp, 10.3.242.94, -1, 10.3.240.39, 139, deny
udp, 10.3.242.94, -1, 10.3.240.38, 139, deny
protocol, source-ip, source-port, destination-ip, destination-port, expected-action
tcp, 10.3.242.63, -1, 10.3.240.39, 445, deny
tcp, 10.3.242.63, -1, 10.3.240.38, 445, deny
tcp, 10.3.242.65, -1, 10.3.240.37, 445, deny
tcp, 10.3.242.65, -1, 10.3.240.39, 444, deny
tcp, 10.3.242.65, -1, 10.3.240.39, 445, permit
tcp, 10.3.242.65, -1, 10.3.240.39, 446, deny
tcp, 10.3.242.65, -1, 10.3.240.38, 444, deny
tcp, 10.3.242.65, -1, 10.3.240.38, 445, permit
tcp, 10.3.242.65, -1, 10.3.240.38, 446, deny
tcp, 10.3.242.65, -1, 10.3.240.40, 445, deny
tcp, 10.3.242.94, -1, 10.3.240.37, 445, deny
tcp, 10.3.242.94, -1, 10.3.240.39, 444, deny
tcp, 10.3.242.94, -1, 10.3.240.39, 445, permit
tcp, 10.3.242.94, -1, 10.3.240.39, 446, deny
tcp, 10.3.242.94, -1, 10.3.240.38, 444, deny
tcp, 10.3.242.94, -1, 10.3.240.38, 445, permit
tcp, 10.3.242.94, -1, 10.3.240.38, 446, deny
tcp, 10.3.242.94, -1, 10.3.240.40, 445, deny
tcp, 10.3.242.96, -1, 10.3.240.39, 445, deny
tcp, 10.3.242.96, -1, 10.3.240.38, 445, deny
udp, 10.3.242.65, -1, 10.3.240.39, 445, deny
udp, 10.3.242.65, -1, 10.3.240.38, 445, deny
udp, 10.3.242.94, -1, 10.3.240.39, 445, deny
udp, 10.3.242.94, -1, 10.3.240.38, 445, deny
protocol, source-ip, source-port, destination-ip, destination-port, expected-action
tcp, 10.3.242.65, -1, 10.3.240.39, 445, deny
tcp, 10.3.242.65, -1, 10.3.240.38, 445, deny
tcp, 10.3.242.94, -1, 10.3.240.39, 445, deny
tcp, 10.3.242.94, -1, 10.3.240.38, 445, deny
udp, 10.3.242.63, -1, 10.3.240.39, 445, deny
udp, 10.3.242.63, -1, 10.3.240.38, 445, deny
udp, 10.3.242.65, -1, 10.3.240.37, 445, deny
udp, 10.3.242.65, -1, 10.3.240.39, 444, deny
udp, 10.3.242.65, -1, 10.3.240.39, 445, permit
udp, 10.3.242.65, -1, 10.3.240.39, 446, deny
udp, 10.3.242.65, -1, 10.3.240.38, 444, deny
udp, 10.3.242.65, -1, 10.3.240.38, 445, permit
udp, 10.3.242.65, -1, 10.3.240.38, 446, deny
udp, 10.3.242.65, -1, 10.3.240.40, 445, deny
udp, 10.3.242.94, -1, 10.3.240.37, 445, deny
udp, 10.3.242.94, -1, 10.3.240.39, 444, deny
udp, 10.3.242.94, -1, 10.3.240.39, 445, permit
udp, 10.3.242.94, -1, 10.3.240.39, 446, deny
udp, 10.3.242.94, -1, 10.3.240.38, 444, deny
udp, 10.3.242.94, -1, 10.3.240.38, 445, permit
udp, 10.3.242.94, -1, 10.3.240.38, 446, deny
udp, 10.3.242.94, -1, 10.3.240.40, 445, deny
udp, 10.3.242.96, -1, 10.3.240.39, 445, deny
udp, 10.3.242.96, -1, 10.3.240.38, 445, deny
protocol, source-ip, source-port, destination-ip, destination-port, expected-action
tcp, 10.3.242.63, -1, 10.3.240.39, 636, deny
tcp, 10.3.242.63, -1, 10.3.240.38, 636, deny
tcp, 10.3.242.65, -1, 10.3.240.37, 636, deny
tcp, 10.3.242.65, -1, 10.3.240.39, 635, deny
tcp, 10.3.242.65, -1, 10.3.240.39, 636, permit
tcp, 10.3.242.65, -1, 10.3.240.39, 637, deny
tcp, 10.3.242.65, -1, 10.3.240.38, 635, deny
tcp, 10.3.242.65, -1, 10.3.240.38, 636, permit
tcp, 10.3.242.65, -1, 10.3.240.38, 637, deny
tcp, 10.3.242.65, -1, 10.3.240.40, 636, deny
tcp, 10.3.242.94, -1, 10.3.240.37, 636, deny
tcp, 10.3.242.94, -1, 10.3.240.39, 635, deny
tcp, 10.3.242.94, -1, 10.3.240.39, 636, permit
tcp, 10.3.242.94, -1, 10.3.240.39, 637, deny
tcp, 10.3.242.94, -1, 10.3.240.38, 635, deny
tcp, 10.3.242.94, -1, 10.3.240.38, 636, permit
tcp, 10.3.242.94, -1, 10.3.240.38, 637, deny
tcp, 10.3.242.94, -1, 10.3.240.40, 636, deny
tcp, 10.3.242.96, -1, 10.3.240.39, 636, deny
tcp, 10.3.242.96, -1, 10.3.240.38, 636, deny
udp, 10.3.242.65, -1, 10.3.240.39, 636, deny
udp, 10.3.242.65, -1, 10.3.240.38, 636, deny
udp, 10.3.242.94, -1, 10.3.240.39, 636, deny
udp, 10.3.242.94, -1, 10.3.240.38, 636, deny
protocol, source-ip, source-port, destination-ip, destination-port, expected-action
tcp, 10.3.242.65, -1, 10.3.240.39, 636, deny
tcp, 10.3.242.65, -1, 10.3.240.38, 636, deny
tcp, 10.3.242.94, -1, 10.3.240.39, 636, deny
tcp, 10.3.242.94, -1, 10.3.240.38, 636, deny
udp, 10.3.242.63, -1, 10.3.240.39, 636, deny
udp, 10.3.242.63, -1, 10.3.240.38, 636, deny
udp, 10.3.242.65, -1, 10.3.240.37, 636, deny
udp, 10.3.242.65, -1, 10.3.240.39, 635, deny
udp, 10.3.242.65, -1, 10.3.240.39, 636, permit
udp, 10.3.242.65, -1, 10.3.240.39, 637, deny
udp, 10.3.242.65, -1, 10.3.240.38, 635, deny
udp, 10.3.242.65, -1, 10.3.240.38, 636, permit
udp, 10.3.242.65, -1, 10.3.240.38, 637, deny
udp, 10.3.242.65, -1, 10.3.240.40, 636, deny
udp, 10.3.242.94, -1, 10.3.240.37, 636, deny
udp, 10.3.242.94, -1, 10.3.240.39, 635, deny
udp, 10.3.242.94, -1, 10.3.240.39, 636, permit
udp, 10.3.242.94, -1, 10.3.240.39, 637, deny
udp, 10.3.242.94, -1, 10.3.240.38, 635, deny
udp, 10.3.242.94, -1, 10.3.240.38, 636, permit
udp, 10.3.242.94, -1, 10.3.240.38, 637, deny
udp, 10.3.242.94, -1, 10.3.240.40, 636, deny
udp, 10.3.242.96, -1, 10.3.240.39, 636, deny
udp, 10.3.242.96, -1, 10.3.240.38, 636, deny
protocol, source-ip, source-port, destination-ip, destination-port, expected-action
tcp, 10.3.242.63, -1, 10.3.240.39, 3269, deny
tcp, 10.3.242.63, -1, 10.3.240.38, 3269, deny
tcp, 10.3.242.65, -1, 10.3.240.37, 3269, deny
tcp, 10.3.242.65, -1, 10.3.240.39, 3268, deny
tcp, 10.3.242.65, -1, 10.3.240.39, 3269, permit
tcp, 10.3.242.65, -1, 10.3.240.39, 3270, deny
tcp, 10.3.242.65, -1, 10.3.240.38, 3268, deny
tcp, 10.3.242.65, -1, 10.3.240.38, 3269, permit
tcp, 10.3.242.65, -1, 10.3.240.38, 3270, deny
tcp, 10.3.242.65, -1, 10.3.240.40, 3269, deny
tcp, 10.3.242.94, -1, 10.3.240.37, 3269, deny
tcp, 10.3.242.94, -1, 10.3.240.39, 3268, deny
tcp, 10.3.242.94, -1, 10.3.240.39, 3269, permit
tcp, 10.3.242.94, -1, 10.3.240.39, 3270, deny
tcp, 10.3.242.94, -1, 10.3.240.38, 3268, deny
tcp, 10.3.242.94, -1, 10.3.240.38, 3269, permit
tcp, 10.3.242.94, -1, 10.3.240.38, 3270, deny
tcp, 10.3.242.94, -1, 10.3.240.40, 3269, deny
tcp, 10.3.242.96, -1, 10.3.240.39, 3269, deny
tcp, 10.3.242.96, -1, 10.3.240.38, 3269, deny
udp, 10.3.242.65, -1, 10.3.240.39, 3269, deny
udp, 10.3.242.65, -1, 10.3.240.38, 3269, deny
udp, 10.3.242.94, -1, 10.3.240.39, 3269, deny
udp, 10.3.242.94, -1, 10.3.240.38, 3269, deny
protocol, source-ip, source-port, destination-ip, destination-port, expected-action
tcp, 10.3.242.63, -1, 10.3.240.39, 49152, deny
tcp, 10.3.242.63, -1, 10.3.240.38, 49152, deny
tcp, 10.3.242.65, -1, 10.3.240.37, 49152, deny
tcp, 10.3.242.65, -1, 10.3.240.39, 49151, deny
tcp, 10.3.242.65, -1, 10.3.240.39, 49152, permit
tcp, 10.3.242.65, -1, 10.3.240.39, 49153, deny
tcp, 10.3.242.65, -1, 10.3.240.38, 49151, deny
tcp, 10.3.242.65, -1, 10.3.240.38, 49152, permit
tcp, 10.3.242.65, -1, 10.3.240.38, 49153, deny
tcp, 10.3.242.65, -1, 10.3.240.40, 49152, deny
tcp, 10.3.242.94, -1, 10.3.240.37, 49152, deny
tcp, 10.3.242.94, -1, 10.3.240.39, 49151, deny
tcp, 10.3.242.94, -1, 10.3.240.39, 49152, permit
tcp, 10.3.242.94, -1, 10.3.240.39, 49153, deny
tcp, 10.3.242.94, -1, 10.3.240.38, 49151, deny
tcp, 10.3.242.94, -1, 10.3.240.38, 49152, permit
tcp, 10.3.242.94, -1, 10.3.240.38, 49153, deny
tcp, 10.3.242.94, -1, 10.3.240.40, 49152, deny
tcp, 10.3.242.96, -1, 10.3.240.39, 49152, deny
tcp, 10.3.242.96, -1, 10.3.240.38, 49152, deny
udp, 10.3.242.65, -1, 10.3.240.39, 49152, deny
udp, 10.3.242.65, -1, 10.3.240.38, 49152, deny
udp, 10.3.242.94, -1, 10.3.240.39, 49152, deny
udp, 10.3.242.94, -1, 10.3.240.38, 49152, deny
protocol, source-ip, source-port, destination-ip, destination-port, expected-action
tcp, 10.3.242.63, -1, 10.3.240.194, 80, deny
tcp, 10.3.242.65, -1, 10.3.240.193, 80, deny
tcp, 10.3.242.65, -1, 10.3.240.194, 79, deny
tcp, 10.3.242.65, -1, 10.3.240.194, 80, permit
tcp, 10.3.242.65, -1, 10.3.240.194, 81, deny
tcp, 10.3.242.65, -1, 10.3.240.195, 80, deny
tcp, 10.3.242.94, -1, 10.3.240.193, 80, deny
tcp, 10.3.242.94, -1, 10.3.240.194, 79, deny
tcp, 10.3.242.94, -1, 10.3.240.194, 80, permit
tcp, 10.3.242.94, -1, 10.3.240.194, 81, deny
tcp, 10.3.242.94, -1, 10.3.240.195, 80, deny
tcp, 10.3.242.96, -1, 10.3.240.194, 80, deny
udp, 10.3.242.65, -1, 10.3.240.194, 80, deny
udp, 10.3.242.94, -1, 10.3.240.194, 80, deny
protocol, source-ip, source-port, destination-ip, destination-port, expected-action
tcp, 10.3.242.63, -1, 10.3.240.194, 139, deny
tcp, 10.3.242.65, -1, 10.3.240.193, 139, deny
tcp, 10.3.242.65, -1, 10.3.240.194, 138, deny
tcp, 10.3.242.65, -1, 10.3.240.194, 139, permit
tcp, 10.3.242.65, -1, 10.3.240.194, 140, deny
tcp, 10.3.242.65, -1, 10.3.240.195, 139, deny
tcp, 10.3.242.94, -1, 10.3.240.193, 139, deny
tcp, 10.3.242.94, -1, 10.3.240.194, 138, deny
tcp, 10.3.242.94, -1, 10.3.240.194, 139, permit
tcp, 10.3.242.94, -1, 10.3.240.194, 140, deny
tcp, 10.3.242.94, -1, 10.3.240.195, 139, deny
tcp, 10.3.242.96, -1, 10.3.240.194, 139, deny
udp, 10.3.242.65, -1, 10.3.240.194, 139, deny
udp, 10.3.242.94, -1, 10.3.240.194, 139, deny
protocol, source-ip, source-port, destination-ip, destination-port, expected-action
tcp, 10.3.242.63, -1, 10.3.240.194, 445, deny
tcp, 10.3.242.65, -1, 10.3.240.193, 445, deny
tcp, 10.3.242.65, -1, 10.3.240.194, 444, deny
tcp, 10.3.242.65, -1, 10.3.240.194, 445, permit
tcp, 10.3.242.65, -1, 10.3.240.194, 446, deny
tcp, 10.3.242.65, -1, 10.3.240.195, 445, deny
tcp, 10.3.242.94, -1, 10.3.240.193, 445, deny
tcp, 10.3.242.94, -1, 10.3.240.194, 444, deny
tcp, 10.3.242.94, -1, 10.3.240.194, 445, permit
tcp, 10.3.242.94, -1, 10.3.240.194, 446, deny
tcp, 10.3.242.94, -1, 10.3.240.195, 445, deny
tcp, 10.3.242.96, -1, 10.3.240.194, 445, deny
udp, 10.3.242.65, -1, 10.3.240.194, 445, deny
udp, 10.3.242.94, -1, 10.3.240.194, 445, deny
protocol, source-ip, source-port, destination-ip, destination-port, expected-action
tcp, 10.3.242.65, -1, 10.3.240.194, 137, deny
tcp, 10.3.242.94, -1, 10.3.240.194, 137, deny
udp, 10.3.242.63, -1, 10.3.240.194, 137, deny
udp, 10.3.242.65, -1, 10.3.240.193, 137, deny
udp, 10.3.242.65, -1, 10.3.240.194, 136, deny
udp, 10.3.242.65, -1, 10.3.240.194, 137, permit
udp, 10.3.242.65, -1, 10.3.240.194, 138, deny
udp, 10.3.242.65, -1, 10.3.240.195, 137, deny
udp, 10.3.242.94, -1, 10.3.240.193, 137, deny
udp, 10.3.242.94, -1, 10.3.240.194, 136, deny
udp, 10.3.242.94, -1, 10.3.240.194, 137, permit
udp, 10.3.242.94, -1, 10.3.240.194, 138, deny
udp, 10.3.242.94, -1, 10.3.240.195, 137, deny
udp, 10.3.242.96, -1, 10.3.240.194, 137, deny
protocol, source-ip, source-port, destination-ip, destination-port, expected-action
tcp, 10.3.242.65, -1, 10.3.240.194, 138, deny
tcp, 10.3.242.94, -1, 10.3.240.194, 138, deny
udp, 10.3.242.63, -1, 10.3.240.194, 138, deny
udp, 10.3.242.65, -1, 10.3.240.193, 138, deny
udp, 10.3.242.65, -1, 10.3.240.194, 137, deny
udp, 10.3.242.65, -1, 10.3.240.194, 138, permit
udp, 10.3.242.65, -1, 10.3.240.194, 139, deny
udp, 10.3.242.65, -1, 10.3.240.195, 138, deny
udp, 10.3.242.94, -1, 10.3.240.193, 138, deny
udp, 10.3.242.94, -1, 10.3.240.194, 137, deny
udp, 10.3.242.94, -1, 10.3.240.194, 138, permit
udp, 10.3.242.94, -1, 10.3.240.194, 139, deny
udp, 10.3.242.94, -1, 10.3.240.195, 138, deny
udp, 10.3.242.96, -1, 10.3.240.194, 138, deny
protocol, source-ip, source-port, destination-ip, destination-port, expected-action
tcp, 10.3.242.63, -1, 10.3.240.196, 80, deny
tcp, 10.3.242.65, -1, 10.3.240.195, 80, deny
tcp, 10.3.242.65, -1, 10.3.240.196, 79, deny
tcp, 10.3.242.65, -1, 10.3.240.196, 80, permit
tcp, 10.3.242.65, -1, 10.3.240.196, 81, deny
tcp, 10.3.242.65, -1, 10.3.240.197, 80, deny
tcp, 10.3.242.94, -1, 10.3.240.195, 80, deny
tcp, 10.3.242.94, -1, 10.3.240.196, 79, deny
tcp, 10.3.242.94, -1, 10.3.240.196, 80, permit
tcp, 10.3.242.94, -1, 10.3.240.196, 81, deny
tcp, 10.3.242.94, -1, 10.3.240.197, 80, deny
tcp, 10.3.242.96, -1, 10.3.240.196, 80, deny
udp, 10.3.242.65, -1, 10.3.240.196, 80, deny
udp, 10.3.242.94, -1, 10.3.240.196, 80, deny
protocol, source-ip, source-port, destination-ip, destination-port, expected-action
tcp, 10.3.242.63, -1, 10.3.240.196, 139, deny
tcp, 10.3.242.65, -1, 10.3.240.195, 139, deny
tcp, 10.3.242.65, -1, 10.3.240.196, 138, deny
tcp, 10.3.242.65, -1, 10.3.240.196, 139, permit
tcp, 10.3.242.65, -1, 10.3.240.196, 140, deny
tcp, 10.3.242.65, -1, 10.3.240.197, 139, deny
tcp, 10.3.242.94, -1, 10.3.240.195, 139, deny
tcp, 10.3.242.94, -1, 10.3.240.196, 138, deny
tcp, 10.3.242.94, -1, 10.3.240.196, 139, permit
tcp, 10.3.242.94, -1, 10.3.240.196, 140, deny
tcp, 10.3.242.94, -1, 10.3.240.197, 139, deny
tcp, 10.3.242.96, -1, 10.3.240.196, 139, deny
udp, 10.3.242.65, -1, 10.3.240.196, 139, deny
udp, 10.3.242.94, -1, 10.3.240.196, 139, deny
protocol, source-ip, source-port, destination-ip, destination-port, expected-action
tcp, 10.3.242.63, -1, 10.3.240.196, 445, deny
tcp, 10.3.242.65, -1, 10.3.240.195, 445, deny
tcp, 10.3.242.65, -1, 10.3.240.196, 444, deny
tcp, 10.3.242.65, -1, 10.3.240.196, 445, permit
tcp, 10.3.242.65, -1, 10.3.240.196, 446, deny
tcp, 10.3.242.65, -1, 10.3.240.197, 445, deny
tcp, 10.3.242.94, -1, 10.3.240.195, 445, deny
tcp, 10.3.242.94, -1, 10.3.240.196, 444, deny
tcp, 10.3.242.94, -1, 10.3.240.196, 445, permit
tcp, 10.3.242.94, -1, 10.3.240.196, 446, deny
tcp, 10.3.242.94, -1, 10.3.240.197, 445, deny
tcp, 10.3.242.96, -1, 10.3.240.196, 445, deny
udp, 10.3.242.65, -1, 10.3.240.196, 445, deny
udp, 10.3.242.94, -1, 10.3.240.196, 445, deny
protocol, source-ip, source-port, destination-ip, destination-port, expected-action
tcp, 10.3.242.65, -1, 10.3.240.196, 137, deny
tcp, 10.3.242.94, -1, 10.3.240.196, 137, deny
udp, 10.3.242.63, -1, 10.3.240.196, 137, deny
udp, 10.3.242.65, -1, 10.3.240.195, 137, deny
udp, 10.3.242.65, -1, 10.3.240.196, 136, deny
udp, 10.3.242.65, -1, 10.3.240.196, 137, permit
udp, 10.3.242.65, -1, 10.3.240.196, 138, deny
udp, 10.3.242.65, -1, 10.3.240.197, 137, deny
udp, 10.3.242.94, -1, 10.3.240.195, 137, deny
udp, 10.3.242.94, -1, 10.3.240.196, 136, deny
udp, 10.3.242.94, -1, 10.3.240.196, 137, permit
udp, 10.3.242.94, -1, 10.3.240.196, 138, deny
udp, 10.3.242.94, -1, 10.3.240.197, 137, deny
udp, 10.3.242.96, -1, 10.3.240.196, 137, deny
protocol, source-ip, source-port, destination-ip, destination-port, expected-action
tcp, 10.3.242.65, -1, 10.3.240.196, 138, deny
tcp, 10.3.242.94, -1, 10.3.240.196, 138, deny
udp, 10.3.242.63, -1, 10.3.240.196, 138, deny
udp, 10.3.242.65, -1, 10.3.240.195, 138, deny
udp, 10.3.242.65, -1, 10.3.240.196, 137, deny
udp, 10.3.242.65, -1, 10.3.240.196, 138, permit
udp, 10.3.242.65, -1, 10.3.240.196, 139, deny
udp, 10.3.242.65, -1, 10.3.240.197, 138, deny
udp, 10.3.242.94, -1, 10.3.240.195, 138, deny
udp, 10.3.242.94, -1, 10.3.240.196, 137, deny
udp, 10.3.242.94, -1, 10.3.240.196, 138, permit
udp, 10.3.242.94, -1, 10.3.240.196, 139, deny
udp, 10.3.242.94, -1, 10.3.240.197, 138, deny
udp, 10.3.242.96, -1, 10.3.240.196, 138, deny
protocol, source-ip, source-port, destination-ip, destination-port, expected-action
tcp, 10.3.242.63, -1, 10.3.240.201, 80, deny
tcp, 10.3.242.65, -1, 10.3.240.200, 80, deny
tcp, 10.3.242.65, -1, 10.3.240.201, 79, deny
tcp, 10.3.242.65, -1, 10.3.240.201, 80, permit
tcp, 10.3.242.65, -1, 10.3.240.201, 81, deny
tcp, 10.3.242.65, -1, 10.3.240.202, 80, deny
tcp, 10.3.242.94, -1, 10.3.240.200, 80, deny
tcp, 10.3.242.94, -1, 10.3.240.201, 79, deny
tcp, 10.3.242.94, -1, 10.3.240.201, 80, permit
tcp, 10.3.242.94, -1, 10.3.240.201, 81, deny
tcp, 10.3.242.94, -1, 10.3.240.202, 80, deny
tcp, 10.3.242.96, -1, 10.3.240.201, 80, deny
udp, 10.3.242.65, -1, 10.3.240.201, 80, deny
udp, 10.3.242.94, -1, 10.3.240.201, 80, deny
protocol, source-ip, source-port, destination-ip, destination-port, expected-action
tcp, 10.3.242.63, -1, 10.3.240.201, 443, deny
tcp, 10.3.242.65, -1, 10.3.240.200, 443, deny
tcp, 10.3.242.65, -1, 10.3.240.201, 442, deny
tcp, 10.3.242.65, -1, 10.3.240.201, 443, permit
tcp, 10.3.242.65, -1, 10.3.240.201, 444, deny
tcp, 10.3.242.65, -1, 10.3.240.202, 443, deny
tcp, 10.3.242.94, -1, 10.3.240.200, 443, deny
tcp, 10.3.242.94, -1, 10.3.240.201, 442, deny
tcp, 10.3.242.94, -1, 10.3.240.201, 443, permit
tcp, 10.3.242.94, -1, 10.3.240.201, 444, deny
tcp, 10.3.242.94, -1, 10.3.240.202, 443, deny
tcp, 10.3.242.96, -1, 10.3.240.201, 443, deny
udp, 10.3.242.65, -1, 10.3.240.201, 443, deny
udp, 10.3.242.94, -1, 10.3.240.201, 443, deny
protocol, source-ip, source-port, destination-ip, destination-port, expected-action
tcp, 10.3.242.63, -1, 10.3.240.194, 53, deny
tcp, 10.3.242.65, -1, 10.3.240.193, 53, deny
tcp, 10.3.242.65, -1, 10.3.240.194, 52, deny
tcp, 10.3.242.65, -1, 10.3.240.194, 53, permit
tcp, 10.3.242.65, -1, 10.3.240.194, 54, deny
tcp, 10.3.242.65, -1, 10.3.240.195, 53, deny
tcp, 10.3.242.94, -1, 10.3.240.193, 53, deny
tcp, 10.3.242.94, -1, 10.3.240.194, 52, deny
tcp, 10.3.242.94, -1, 10.3.240.194, 53, permit
tcp, 10.3.242.94, -1, 10.3.240.194, 54, deny
tcp, 10.3.242.94, -1, 10.3.240.195, 53, deny
tcp, 10.3.242.96, -1, 10.3.240.194, 53, deny
udp, 10.3.242.65, -1, 10.3.240.194, 53, deny
udp, 10.3.242.94, -1, 10.3.240.194, 53, deny
protocol, source-ip, source-port, destination-ip, destination-port, expected-action
tcp, 10.3.242.65, -1, 10.3.240.194, 53, deny
tcp, 10.3.242.94, -1, 10.3.240.194, 53, deny
udp, 10.3.242.63, -1, 10.3.240.194, 53, deny
udp, 10.3.242.65, -1, 10.3.240.193, 53, deny
udp, 10.3.242.65, -1, 10.3.240.194, 52, deny
udp, 10.3.242.65, -1, 10.3.240.194, 53, permit
udp, 10.3.242.65, -1, 10.3.240.194, 54, deny
udp, 10.3.242.65, -1, 10.3.240.195, 53, deny
udp, 10.3.242.94, -1, 10.3.240.193, 53, deny
udp, 10.3.242.94, -1, 10.3.240.194, 52, deny
udp, 10.3.242.94, -1, 10.3.240.194, 53, permit
udp, 10.3.242.94, -1, 10.3.240.194, 54, deny
udp, 10.3.242.94, -1, 10.3.240.195, 53, deny
udp, 10.3.242.96, -1, 10.3.240.194, 53, deny
protocol, source-ip, source-port, destination-ip, destination-port, expected-action
tcp, 10.3.242.65, -1, 10.3.240.194, 123, deny
tcp, 10.3.242.94, -1, 10.3.240.194, 123, deny
udp, 10.3.242.63, -1, 10.3.240.194, 123, deny
udp, 10.3.242.65, -1, 10.3.240.193, 123, deny
udp, 10.3.242.65, -1, 10.3.240.194, 122, deny
udp, 10.3.242.65, -1, 10.3.240.194, 123, permit
udp, 10.3.242.65, -1, 10.3.240.194, 124, deny
udp, 10.3.242.65, -1, 10.3.240.195, 123, deny
udp, 10.3.242.94, -1, 10.3.240.193, 123, deny
udp, 10.3.242.94, -1, 10.3.240.194, 122, deny
udp, 10.3.242.94, -1, 10.3.240.194, 123, permit
udp, 10.3.242.94, -1, 10.3.240.194, 124, deny
udp, 10.3.242.94, -1, 10.3.240.195, 123, deny
udp, 10.3.242.96, -1, 10.3.240.194, 123, deny
protocol, source-ip, source-port, destination-ip, destination-port, expected-action
tcp, 10.3.242.63, -1, 10.3.240.199, 80, deny
tcp, 10.3.242.65, -1, 10.3.240.198, 80, deny
tcp, 10.3.242.65, -1, 10.3.240.199, 79, deny
tcp, 10.3.242.65, -1, 10.3.240.199, 80, permit
tcp, 10.3.242.65, -1, 10.3.240.199, 81, deny
tcp, 10.3.242.65, -1, 10.3.240.200, 80, deny
tcp, 10.3.242.94, -1, 10.3.240.198, 80, deny
tcp, 10.3.242.94, -1, 10.3.240.199, 79, deny
tcp, 10.3.242.94, -1, 10.3.240.199, 80, permit
tcp, 10.3.242.94, -1, 10.3.240.199, 81, deny
tcp, 10.3.242.94, -1, 10.3.240.200, 80, deny
tcp, 10.3.242.96, -1, 10.3.240.199, 80, deny
udp, 10.3.242.65, -1, 10.3.240.199, 80, deny
udp, 10.3.242.94, -1, 10.3.240.199, 80, deny
protocol, source-ip, source-port, destination-ip, destination-port, expected-action
tcp, 10.3.242.63, -1, 10.3.240.199, 443, deny
tcp, 10.3.242.65, -1, 10.3.240.198, 443, deny
tcp, 10.3.242.65, -1, 10.3.240.199, 442, deny
tcp, 10.3.242.65, -1, 10.3.240.199, 443, permit
tcp, 10.3.242.65, -1, 10.3.240.199, 444, deny
tcp, 10.3.242.65, -1, 10.3.240.200, 443, deny
tcp, 10.3.242.94, -1, 10.3.240.198, 443, deny
tcp, 10.3.242.94, -1, 10.3.240.199, 442, deny
tcp, 10.3.242.94, -1, 10.3.240.199, 443, permit
tcp, 10.3.242.94, -1, 10.3.240.199, 444, deny
tcp, 10.3.242.94, -1, 10.3.240.200, 443, deny
tcp, 10.3.242.96, -1, 10.3.240.199, 443, deny
udp, 10.3.242.65, -1, 10.3.240.199, 443, deny
udp, 10.3.242.94, -1, 10.3.240.199, 443, deny
protocol, source-ip, source-port, destination-ip, destination-port, expected-action
tcp, 10.3.242.63, -1, 10.3.240.199, 6669, deny
tcp, 10.3.242.65, -1, 10.3.240.198, 6669, deny
tcp, 10.3.242.65, -1, 10.3.240.199, 6668, deny
tcp, 10.3.242.65, -1, 10.3.240.199, 6669, permit
tcp, 10.3.242.65, -1, 10.3.240.199, 6670, deny
tcp, 10.3.242.65, -1, 10.3.240.200, 6669, deny
tcp, 10.3.242.94, -1, 10.3.240.198, 6669, deny
tcp, 10.3.242.94, -1, 10.3.240.199, 6668, deny
tcp, 10.3.242.94, -1, 10.3.240.199, 6669, permit
tcp, 10.3.242.94, -1, 10.3.240.199, 6670, deny
tcp, 10.3.242.94, -1, 10.3.240.200, 6669, deny
tcp, 10.3.242.96, -1, 10.3.240.199, 6669, deny
udp, 10.3.242.65, -1, 10.3.240.199, 6669, deny
udp, 10.3.242.94, -1, 10.3.240.199, 6669, deny
protocol, source-ip, source-port, destination-ip, destination-port, expected-action
tcp, 192.0.2.1, -1, 192.0.2.1, -1, deny
udp, 192.0.2.1, -1, 192.0.2.1, -1, deny
